broadcast_0,2
broadcast_0,2
broadcast_0_piece0,2
broadcast_0,3
broadcast_0_piece0,2
broadcast_1,2
broadcast_0,3
broadcast_0_piece0,2
broadcast_1,2
broadcast_1_piece0,2
broadcast_0,4
broadcast_0_piece0,2
broadcast_1,3
broadcast_1_piece0,2
broadcast_2,2
broadcast_0,4
broadcast_0_piece0,2
broadcast_1,3
broadcast_1_piece0,2
broadcast_2,2
broadcast_2_piece0,2
broadcast_0,2
broadcast_0,2
broadcast_0_piece0,2
broadcast_0,3
broadcast_0_piece0,2
broadcast_1,2
broadcast_0,3
broadcast_0_piece0,2
broadcast_1,2
broadcast_1_piece0,2
broadcast_0,5
broadcast_0_piece0,2
broadcast_1,4
broadcast_1_piece0,2
rdd_1_1,2
broadcast_0,5
broadcast_0_piece0,2
broadcast_1,4
broadcast_1_piece0,2
rdd_1_1,2
rdd_1_0,2
broadcast_0,5
broadcast_0_piece0,2
broadcast_1,4
broadcast_1_piece0,2
rdd_1_1,2
rdd_1_0,2
broadcast_2,2
broadcast_0,5
broadcast_0_piece0,2
broadcast_1,4
broadcast_1_piece0,2
rdd_1_1,2
rdd_1_0,2
broadcast_2,2
broadcast_2_piece0,2
broadcast_0,5
broadcast_0_piece0,2
broadcast_1,4
broadcast_1_piece0,2
rdd_1_1,3
rdd_1_0,3
broadcast_2,4
broadcast_2_piece0,2
broadcast_3,2
broadcast_0,5
broadcast_0_piece0,2
broadcast_1,4
broadcast_1_piece0,2
rdd_1_1,3
rdd_1_0,3
broadcast_2,4
broadcast_2_piece0,2
broadcast_3,2
broadcast_3_piece0,2
